Name,Address
yo fresh yogurt cafe,8 Faneuil Hall Market Pl
yankee doodle candy,56 Salem St
y tea house corp,754 Huntington Ave
wings live poultry,48 Beach St
wild pops,3213 Washington St
wendy's tea house,116 Spring St
walden local meats,316 Shawmut Ave
vivi bubble tea at mass ave,182 Massachusetts Ave
vivi bubble tea,364 Washington St
vermont country maple mixes,NA
truffles,100 Huntington Ave
tri seafood market corp,1504B Dorchester Ave
tremont street yogurt llc,145 Tremont St
the tea trike,29 Fairview St
tea life inc,3 N Beacon St
tea forte,91 Newbury St
t baar,754 Huntington Ave
sweet boba,9 Central Sq
sweet & nasty,90 Massachusetts Ave
sut-naga herbals,46 Wheatland Ave
supreme sea products inc,145 Shirley St
supreme meat,55 Food Mart Rd
sulmona meat market,32 Parmenter St
sugarfina,800 Boylston St
stonewall kitchen,308 Congress St
"stillman quality meats, llc",100 Hanover St
star fish market,3089 Washington St
sid wainer & son,15 May St
shirazi distributing,138 Newmarket Sq
shing hong trading inc,70 Kneeland St
shaking seafood,19 Poplar St
serenade chocolatier,2 South Sta
"scire fruit, inc",64 Salem St
salt city inc,100 Terminal St
sakanaya,75 Linden St
saga dairy inc,30 Union Park St
roy's cold cuts,198 Marion St
revolution juice,150 Huntington Ave
retail beverage partners inc,173 Belgrade Ave
resto meat market,213 Washington St
reds best,136 Blackstone St
red's best,37 Fish Pier
red's best,212 Northern Ave
purity cheese co inc,258 K St
preparations market,222 Columbia Rd
plaza fish market ii,777 William T Morrissey Blvd
pinkberry,300 Terminal C
pin ming bubble tea,5 Beach St
phillips chocolates,818 William T Morrissey Blvd
olde dutch cottage candy,518 Tremont St
old japan inc,24 Union Park
ocean fresh inc,2001 Beacon St
nourish your soul,282 Cambridge St
north end fish market,99 Salem St
north american chinese tea,844 Dorchester Ave
new york supply,50 Newmarket Sq
new england kosher inc,240 Commercial St
new boston meat,81 Newmarket Sq
natalie's candy jar,300 Terminal E
nam bac hong herbs inc,75 Harrison Ave
ming yu seafood,10 Tyler St
ming kee,54 Kneeland St
mercato del mare,99 Salem St
mccreas candies,193 Salem St
mccrea's candies,65 Sprague St
mayflower medicinals,230 Harvard Ave
matarazzo brothers,11 Charter St
matapan sun fish lee,1600 Blue Hill Ave
los compadres meat market,3105 Washington St
london veal,124 Newmarket Sq
lindt chocolate shop,704 Boylston St
limered tea house,1092 Commonwealth Ave
land of water llc,50 Terminal St
lamberts rainbow fruit,777 William T Morrissey Blvd
lambert brothers,735 William T Morrissey Blvd
kung fu tea boston chinatown,66 Kneeland St
kung fu tea,131 Harvard Ave
kung fu tea,334 Massachusetts Ave
kirin produce co,22 Oxford St
kirin produce co,131 Newmarket Sq
kim's fish market,551 Washington St
juicy greens,61 South St
juice republic inc,200 Lincoln St
juice,145 Dartmouth St
johnny's d's fruit & produce,381 Washington St
jevojuice inc,230 Congress St
james hook & co,440 Atlantic Ave
james hook & co,15 Northern Ave
hp hood,510 Rutherford Ave
high quality seafoods,55 Food Mart Rd
hard seltzer beverage co,1 Design Center Pl
halal meat express,43 Roxbury St
green food mart inc,15 Freeport Way
great eastern seafood inc,44 Newmarket Sq
gourmet boutique boston,10 Huntington Ave
good seasons trading inc,911 Massachusetts Ave
gong cha,40 Harrison Ave
gong cha,154 Harvard Ave
godiva chocolatier,800 Boylston St
fruity tea inc,77 Harvard Ave
fruits of blessings,1290 Blue Hill Ave
froyoworld,157 Harvard Ave
fresh ideas inc,18 Bunker Hill Industrial Park
frank anthonys gourmet market,9 Fan Pier Blvd
family produce market,51 Cottage St
essential body herbs,30 Warren St
essential body herbs,555 Washington St
essential body herbs,1282 Blue Hill Ave
el paissa butchershop,1010 Bennington St
east bay seafood,339 Northern Ave
e shan tang,171 Harvard Ave
dudley's seafood market,744 Dudley St
dirty water east,22 Maverick St
diallo's halal meat & grocery,11 Erie St
delicious yogurt,4198 Washington St
del's lemondade,800 Huntington Ave
d fantasy,3142 Washington St
curds & co,100 Hanover St
crystal fruit,278 Centre St
creative juices,722 Metropolitan Ave
constitution seafood,8 Fid Kennedy Ave
clinton market,702 American Legion Hwy
city produce,231 Harrison Ave
ching long inc,26 Lincoln St
chinatown hit,27 Harrison Ave
chill box frozen yogurt,570 South St
chatime,333 Huntington Ave
charlestown tea & treats inc,1 Monument Ave
cape cod shellfish & seafood,29 Fish Pier St W
c fruit life,171 Brighton Ave
brighton gourmet & cellar,569 Washington St
bred winner llc,2255 Dorchester Ave
bourbon coffee,103 Canal St
boston seafood,8 Seafood Way
boston lobster co,345 W 1st St
boston juicing,283 Main St
boston juicery,53 State St
boston chinese medicine,8 Whittier Pl
boston cheese cellar llc,18 Birch St
boston & maine fish co,1 Faneuil Hall Market Pl
blessing of god,1076 Hyde Park Ave
berezka international food store,1215 Commonwealth Ave
barrel head bait,370 E Eagle St
bait to plate fish market,1504 Dorchester Ave
back bay market,145 Dartmouth St
baby nat's fruitland,606 American Legion Hwy
b c gourmet usa inc,156 State St
au chocolat,35 High St
atlantic coast seafood inc,42 Fish Pier St W
american provisions,1971 Dorchester Ave
american cheese society,808 Commonwealth Ave
alba produce,18 Parmenter St
a c farm market,1429 Dorchester Ave
1a carniceria y legumbreria,9 Meridian St